net,pins
GND,"J1.2(GND), J1.12(GND), J1.16(GND), J2.14(GND), J2.29(GND), J3.1(GND), J3.8(GND), J3.10(GND), J4.2(GND), J5.2(GND), J6.2(PV-), J7.2(GND), J8.2(IN-), J8.6(OUT-), J9.2(GND), J12.2(VIN-), J12.4(VOUT-), J13.2(GND), J14.2(GND), J15.2(GND), J16.1(GND), J17.1(GND), R1.2(2), R2.2(2), R3.2(2), R4.2(2), C1.2(-), C2.2(-), C3.2(2), C4.2(2), TP4.1(1)"
+5V,"J1.1(5V), J2.15(VIN), J12.3(VOUT+), J13.1(VIN), J16.2(V+), J17.2(V+), C1.1(+), C2.1(+), TP1.1(1)"
LORA_MISO,"J1.3(IO12), J3.2(MISO)"
LORA_MOSI,"J1.4(IO13), J3.3(MOSI)"
LORA_NSS,"J1.5(IO15), J3.5(NSS)"
LORA_SCK,"J1.6(IO14), J3.4(SCK)"
LORA_RST,"J1.7(IO2), J3.6(RESET)"
CAM_IO0,"J1.11(IO0), J5.1(IO0)"
UART_TELEM,"J1.14(U0R), J2.24(IO17_TX2)"
LDR_TL,"J2.4(IO34), J18.2(SIG), R1.1(1)"
LDR_TR,"J2.5(IO35), J19.2(SIG), R2.1(1)"
LDR_BL,"J2.6(IO32), J20.2(SIG), R3.1(1)"
LDR_BR,"J2.7(IO33), J21.2(SIG), R4.1(1)"
I2C_SCL,"J2.17(IO22), J7.3(SCL), J9.3(SCL), J14.3(SCL), J15.3(SCL)"
I2C_SDA,"J2.20(IO21), J7.4(SDA), J9.4(SDA), J14.4(SDA), J15.4(SDA)"
SERVO_TILT,"J2.21(IO19), J17.3(SIG)"
SERVO_PAN,"J2.22(IO18), J16.3(SIG)"
LORA_ANT,"J3.9(ANT), J4.1(ANT)"
+3V3,"J3.13(3V3), J7.1(VCC), J9.1(VCC), J13.3(VOUT), J14.1(VCC), J15.1(VCC), J18.1(3V3), J19.1(3V3), J20.1(3V3), J21.1(3V3), C3.1(1), C4.1(1), TP2.1(1)"
SOLAR_IN,"J6.1(PV+), J7.5(VIN+)"
SOLAR_OUT,"J7.6(VIN-), J8.1(IN+)"
TP_BP,"J8.3(OUT+), J8.4(B+), J9.5(VIN+), J11.1(IN), TP3.1(1)"
BAT_NEG,"J8.5(B-), J10.2(BAT-)"
BAT_POS,"J9.6(VIN-), J10.1(BAT+)"
VBAT_SW,"J11.2(OUT), J12.1(VIN+)"
